<?xml version="1.0" encoding="UTF-8"?>
<components xmlns="http://jboss.com/products/seam/components"
	xmlns:core="http://jboss.com/products/seam/core" xmlns:persistence="http://jboss.com/products/seam/persistence"
	xmlns:drools="http://jboss.com/products/seam/drools" xmlns:bpm="http://jboss.com/products/seam/bpm"
	xmlns:security="http://jboss.com/products/seam/security" xmlns:mail="http://jboss.com/products/seam/mail"
	xmlns:web="http://jboss.com/products/seam/web" xmlns:xsi="http://www.w3.org/2001/XMLSchema-instance"
	xmlns:async="http://jboss.com/products/seam/async" xmlns:resteasy="http://jboss.com/products/seam/resteasy"
	xmlns:transaction="http://jboss.com/products/seam/transaction"
	xsi:schemaLocation="http://jboss.com/products/seam/core http://jboss.com/products/seam/core-2.1.xsd
                 http://jboss.com/products/seam/persistence http://jboss.com/products/seam/persistence-2.1.xsd
                 http://jboss.com/products/seam/drools http://jboss.com/products/seam/drools-2.1.xsd
                 http://jboss.com/products/seam/bpm http://jboss.com/products/seam/bpm-2.1.xsd
                 http://jboss.com/products/seam/security http://jboss.com/products/seam/security-2.1.xsd
                 http://jboss.com/products/seam/mail http://jboss.com/products/seam/mail-2.1.xsd
                 http://jboss.com/products/seam/web http://jboss.com/products/seam/web-2.1.xsd
                 http://jboss.com/products/seam/async http://jboss.com/products/seam/async-2.1.xsd
                 http://jboss.com/products/seam/components http://jboss.com/products/seam/components-2.1.xsd
                 http://jboss.com/products/seam/resteasy http://jboss.com/products/seam/resteasy-2.1.xsd
                 http://jboss.com/products/seam/transaction http://jboss.com/products/seam/transaction-2.1.xsd">

	<core:init debug="true" jndi-pattern="@jndiPattern@" transaction-management-enabled="true"/>

	<core:manager concurrent-request-timeout="60000"
		conversation-timeout="120000" conversation-id-parameter="cid" />

	<web:hot-deploy-filter url-pattern="*.seam" />

	<web:character-encoding-filter encoding="UTF-8"
		override-client="true" url-pattern="*.seam" />

	<persistence:managed-persistence-context
		name="entityManager" auto-create="true" scope="conversation"
		persistence-unit-jndi-name="java:/it.drwolf.ridireEntityManagerFactory" />
	<persistence:managed-persistence-context
		name="eventEntityManager" auto-create="true" scope="event"
		persistence-unit-jndi-name="java:/it.drwolf.ridireEntityManagerFactory" />

	<drools:rule-base name="securityRules">
		<drools:rule-files>
			<value>/security.drl</value>
		</drools:rule-files>
	</drools:rule-base>

	<security:rule-based-permission-resolver
		security-rules="#{securityRules}" />

	<security:identity authenticate-method="#{authenticator.authenticate}"
		remember-me="true" />

	<event type="org.jboss.seam.security.notLoggedIn">
		<action execute="#{redirect.captureCurrentView}" />
	</event>
	<event type="org.jboss.seam.security.loginSuccessful">
		<action execute="#{redirect.returnToCapturedView}" />
	</event>

	<async:quartz-dispatcher />
	<resteasy:application resource-path-prefix="/stuff" />
	<!-- For use with jBPM pageflow or process management -->
	<!-- <bpm:jbpm> <bpm:process-definitions></bpm:process-definitions> <bpm:pageflow-definitions></bpm:pageflow-definitions> 
		</bpm:jbpm> -->
	<mail:mail-session host="zimbra.drwolf.it" port="25"
		ssl="false" tls="false" username="ridire" password="ridire032001" />
	
</components>
