<?xml version="1.0" encoding="UTF-8"?>

<faces-config
    xmlns="http://java.sun.com/xml/ns/javaee"
    xmlns:xsi="http://www.w3.org/2001/XMLSchema-instance"
    xsi:schemaLocation="http://java.sun.com/xml/ns/javaee http://java.sun.com/xml/ns/javaee/web-facesconfig_1_2.xsd"
    version="1.2">
	<application>
		<locale-config>
			<default-locale>it_IT</default-locale>
			<supported-locale>it_IT</supported-locale>
			<supported-locale>it</supported-locale>
		</locale-config>
		<view-handler>com.sun.facelets.FaceletViewHandler</view-handler>
	</application>

</faces-config>
