<?xml version="1.0" encoding="UTF-8"?>
<application xmlns:xsi="http://www.w3.org/2001/XMLSchema-instance" xmlns="http://java.sun.com/xml/ns/javaee" xmlns:application="http://java.sun.com/xml/ns/javaee/application_5.xsd" xsi:schemaLocation="http://java.sun.com/xml/ns/javaee http://java.sun.com/xml/ns/javaee/application_5.xsd" version="5">
  <display-name>it.drwolf.ridire-ear</display-name>
  <module>
    <web>
      <web-uri>it.drwolf.ridire.war</web-uri>
      <context-root>/it.drwolf.ridire</context-root>
    </web>
  </module>
  <module>
    <ejb>it.drwolf.ridire-ejb.jar</ejb>
  </module>
</application>