<page xmlns="http://jboss.com/products/seam/pages" xmlns:xsi="http://www.w3.org/2001/XMLSchema-instance"
	xsi:schemaLocation="http://jboss.com/products/seam/pages http://jboss.com/products/seam/pages-2.1.xsd"
	login-required="true">
	<restrict>#{s:hasRole('Admin')}</restrict>
	<begin-conversation join="true" />
	<navigation from-action="#{usersManager.delete}">
		<end-conversation />
		<redirect view-id="/manageUsers.xhtml" />
	</navigation>
	<navigation from-action="#{usersManager.store}">
		<end-conversation />
		<redirect view-id="/manageUsers.xhtml" />
	</navigation>
</page>